{
  "schema": "sigil-semantic-eval/v1",
  "root": "/Users/gaurav/Downloads/SuprSend/sigil",
  "n_pairs": 200,
  "k": 20,
  "tokenizer": "o200k_base",
  "reports": [
    {
      "retriever": "sigil_search",
      "n_queries": 200,
      "ndcg_at_10": 0.1293184598852657,
      "recall_at_1": 0.045,
      "recall_at_5": 0.15,
      "recall_at_10": 0.25,
      "recall_at_20": 0.28,
      "median_tokens_at_10": 264,
      "median_elapsed_ms": 420.77933400287293,
      "rank_distribution": {
        "1": 9,
        "2-5": 21,
        "6-10": 20,
        "11-20": 6,
        ">20 or miss": 144
      }
    },
    {
      "retriever": "sigil_semantic_bm25",
      "n_queries": 200,
      "ndcg_at_10": 0.9048549160885416,
      "recall_at_1": 0.78,
      "recall_at_5": 0.985,
      "recall_at_10": 0.995,
      "recall_at_20": 0.995,
      "median_tokens_at_10": 276,
      "median_elapsed_ms": 52.30020800081547,
      "rank_distribution": {
        "1": 156,
        "2-5": 41,
        "6-10": 2,
        "11-20": 0,
        ">20 or miss": 1
      }
    },
    {
      "retriever": "sigil_semantic_bm25_no_doc",
      "n_queries": 200,
      "ndcg_at_10": 0.3700648435752483,
      "recall_at_1": 0.22,
      "recall_at_5": 0.46,
      "recall_at_10": 0.525,
      "recall_at_20": 0.605,
      "median_tokens_at_10": 278,
      "median_elapsed_ms": 48.09499999828404,
      "rank_distribution": {
        "1": 44,
        "2-5": 48,
        "6-10": 13,
        "11-20": 16,
        ">20 or miss": 79
      }
    },
    {
      "retriever": "grep",
      "n_queries": 200,
      "ndcg_at_10": 0.01974871155020719,
      "recall_at_1": 0.01,
      "recall_at_5": 0.025,
      "recall_at_10": 0.03,
      "recall_at_20": 0.045,
      "median_tokens_at_10": 300,
      "median_elapsed_ms": 1377.2480000043288,
      "rank_distribution": {
        "1": 2,
        "2-5": 3,
        "6-10": 1,
        "11-20": 3,
        ">20 or miss": 191
      }
    }
  ]
}